{"cameraMode":{"drawMode":0,"name":"Shaded","section":"Shading Mode"},"sceneLighting":true,"audioPlay":false,"sceneViewState":{"showFog":true,"showMaterialUpdate":false,"showSkybox":true,"showFlares":true,"showImageEffects":true,"showParticleSystems":true},"in2DMode":false,"pivot":{"x":-1.6969120502471924,"y":1.2844836711883546,"z":2.723872184753418},"rotation":{"x":0.20306789875030518,"y":-0.2761976718902588,"z":0.05982348695397377,"w":0.9375015497207642},"size":5.168027400970459,"orthographic":false}